Workbook

Sheet Summary
O1: =NOW() -> 45695.693 | AA1: Internal Date | AB1: 45505 | AC1: 45504
AA2: Calc_Date | AB2: 45505
AA3: ledgr_bal_Dt | AB3: 45504 | AC3: =IF(AB3="",AB2-1,AB3) -> 45504
AA4: stmnt_bal_Dt | AC4: =IF(AB4="",AB2-1,AB4) -> 45504
A7: NATIONAL MICROFINANCE BANK PLC
A8: FINANCE AND CONTROL DEPARTMENT
A9: RECONCILIATION UNIT
A11: RECONCILIATION OF:-
A12: Currency:-
A13: Reconciliation Date:- | B13: =NOW() -> 45695.693
A15: =CONCATENATE("Outstanding Items in the Ledger SUMMARY :",T1) -> Outstanding Items in the Ledger SUMMARY : | D15: =B12 -> 0
A16: ="Ledger balance as at : "&TEXT(O1,"dd mmm yyyy") -> Ledger balance as at : 07 Feb 2025
A17: Add. Outstanding credit in the statement | D17: ='External outstanding'!D5 -> 0
A18: Less. Outstanding debit in the statement | D18: ='External outstanding'!C5 -> 0
B20: Corrected ledger balance | D20: =D16+D17-D18 -> 0
A22: =CONCATENATE("Outstanding Items in the Statement SUMMARY :",T2) -> Outstanding Items in the Statement SUMMARY : | D22: =B12 -> 0
A23: ="Statement balance as at : "&TEXT(O1,"dd mmm yyyy") -> Statement balance as at : 07 Feb 2025
A24: Add:Outstanding debit in the ledger | D24: ='Internal outstanding'!C5 -> 0
A25: Less. Outstanding credit in the ledger | D25: ='Internal outstanding'!D5 -> 0
B27: Corrected statement balance | D27: =D23+D24-D25 -> 0
B30: Check_Balance | D30: =D20-D27 -> 0
A36: PREPARED BY - ROBOT | D36: =B13 -> 45695.693
A38: CHECKED BY - CHARLES KAHUNGU | D38: =D36 -> 45695.693
A40: CONFIRMED BY - FRED KILIMBA | D40: =D36 -> 45695.693

Sheet Internal outstanding
A1: OUTSTANDING ITEMS IN THE G/LEDGER
B5: TOTAL | C5: =SUM(C8:C1048576) -> 0 | D5: =SUM(D8:D1048576) -> 0
A7: TRN Date | B7: Value Date | C7: DR | D7: CR | E7: TRN Reference | F7: Source Reference | G7: Narrative | H7: Aging | I7: AGING GROUP | J7: BOT Classification | K7: Duplicate Mark

Sheet External outstanding
A1: OUTSTANDING ITEMS IN THE STATEMENT
A5: ='Internal outstanding'!A5 -> 0 | C5: =SUM(C8:C1048576) -> 0 | D5: =SUM(D8:D1048576) -> 0
A7: TRN Date | B7: Value Date | C7: DR | D7: CR | E7: TRN Reference | F7: Source Reference | G7: Related Reference (61) | H7: Narrative | I7: Detailed Narration | J7: Aging | K7: AGING GROUP | L7: BOT Classification
